City_ID,City,Cloudiness,Country,Date,Humidity,Lat,Lng,Max Temp,Wind Speed
5354943,Half Moon Bay,1,US,10/15/20,33,37.46,-122.43,81.45,8.05
5983720,Iqaluit,90,CA,10/15/20,93,63.75,-68.51,37.2,4.7
3833367,Ushuaia,40,AR,10/15/20,77,-54.8,-68.3,59,11.41
2155415,New Norfolk,7,AU,10/15/20,74,-42.78,147.06,39.25,2.46
2411397,Georgetown,35,SH,10/15/20,77,-7.93,-14.42,73.09,15.43
2163355,Hobart,75,AU,10/15/20,70,-42.88,147.33,41.65,10.29
155405,Mafinga,45,TZ,10/15/20,54,-7.25,35.07,74.39,8.61
,,,,,,,,,
3394023,Natal,20,BR,10/15/20,66,-5.79,-35.21,84.2,16.11
2075265,Busselton,100,AU,10/15/20,59,-33.65,115.33,49.62,11.03
,,,,,,,,,
5855927,Hilo,1,US,10/15/20,65,19.73,-155.09,79.68,5.82
2077963,Albany,75,AU,10/15/20,93,-35.02,117.89,48.2,5.37
,,,,,,,,,
3456285,Niquelândia,25,BR,10/15/20,31,-14.47,-48.46,93.72,1.97
4030556,Rikitea,100,PF,10/15/20,77,-23.12,-134.97,73.98,19.62
3843123,Neuquén,0,AR,10/15/20,26,-38.95,-68.06,82.4,9.17
3369157,Cape Town,20,ZA,10/15/20,77,-33.93,18.42,60.3,14.99
1791636,Weinan,40,CN,10/15/20,100,34.5,109.51,51.58,8.95
1796663,Bantou,100,CN,10/15/20,83,26.22,117.49,65.73,2.26
2019118,Nizhniy Tsasuchey,0,RU,10/15/20,93,50.52,115.13,28.94,9.33
2729907,Longyearbyen,40,SJ,10/15/20,86,78.22,15.64,26.6,3.44
6170031,Tuktoyaktuk,90,CA,10/15/20,85,69.45,-133.04,19.4,11.41
3464724,Diamantino,0,BR,10/15/20,28,-14.41,-56.45,97.56,3.18
2613939,Skagen,0,DK,10/15/20,81,57.72,10.58,48,5.01
3370903,Jamestown,84,SH,10/15/20,87,-15.94,-5.72,61.45,16.13
,,,,,,,,,
,,,,,,,,,
2020838,Lensk,100,RU,10/15/20,90,60.73,114.93,36.63,11.83
3576994,Cockburn Town,40,TC,10/15/20,70,21.46,-71.14,86,11.41
1529376,Korla,0,CN,10/15/20,67,41.76,86.15,50,4
5924351,Clyde River,90,CA,10/15/20,100,70.47,-68.59,33.8,12.75
,,,,,,,,,
1490256,Talnakh,75,RU,10/15/20,100,69.49,88.4,24.8,15.66
2123814,Leningradskiy,100,RU,10/15/20,88,69.38,178.42,33.89,10.96
505820,Povenets,96,RU,10/15/20,93,62.85,34.83,37.13,11.72
777019,Vardø,75,NO,10/15/20,86,70.37,31.11,39.2,19.46
,,,,,,,,,
,,,,,,,,,
2214827,Mizdah,95,LY,10/15/20,19,31.45,12.98,75.63,6.06
1223738,Weligama,95,LK,10/15/20,84,5.97,80.42,79.74,12.24
1729469,Baculin,83,PH,10/15/20,71,7.45,126.58,79.14,4.38
3422683,Kangaatsiaq,100,GL,10/15/20,81,68.31,-53.46,34.88,9.69
5282297,Bethel,40,US,10/15/20,60,41.37,-73.41,69.1,16.11
4036284,Alofi,60,NU,10/15/20,69,-19.06,-169.92,77,10.29
4020109,Atuona,0,PF,10/15/20,71,-9.8,-139.03,78.58,20.54
370481,Merowe,0,SD,10/15/20,12,18.48,31.82,88.79,9.4
2094342,Kavieng,32,PG,10/15/20,75,-2.57,150.8,82,9.28
,,,,,,,,,
2022572,Khatanga,100,RU,10/15/20,96,71.97,102.5,12.9,6.26
3372964,Lagoa,90,PT,10/15/20,85,39.05,-27.98,69.37,8.95
4034551,Faanui,100,PF,10/15/20,77,-16.48,-151.75,78.69,8.3
1244926,Hambantota,75,LK,10/15/20,94,6.12,81.12,78.8,3.36
,,,,,,,,,
3905088,San Ramón,36,BO,10/15/20,37,-13.28,-64.72,96.66,5.93
962367,Richards Bay,0,ZA,10/15/20,64,-28.78,32.04,73.74,9.37
3366880,Hermanus,100,ZA,10/15/20,88,-34.42,19.23,57,1.01
2206939,Bluff,100,NZ,10/15/20,51,-46.6,168.33,47.35,22.75
,,,,,,,,,
2121385,Severo-Kuril'sk,72,RU,10/15/20,73,50.68,156.12,42.66,28.12
3424607,Tasiilaq,75,GL,10/15/20,87,65.61,-37.64,42.8,5.82
3874787,Punta Arenas,75,CL,10/15/20,47,-53.15,-70.92,55.2,34.45
1507390,Dikson,100,RU,10/15/20,94,73.51,80.55,30.54,21.63
3421719,Narsaq,75,GL,10/15/20,69,60.92,-46.05,35.6,4.7
1274899,Chākia,0,IN,10/15/20,70,26.42,85.05,79.39,2.62
,,,,,,,,,
3831208,Qaanaaq,55,GL,10/15/20,85,77.48,-69.36,27.37,5.7
3461370,Imbituba,40,BR,10/15/20,60,-28.24,-48.67,71.6,13.87
2381334,Atar,1,MR,10/15/20,21,20.52,-13.05,100.4,6.93
1855540,Naze,15,JP,10/15/20,78,28.37,129.48,73.4,3.36
5848280,Kapaa,40,US,10/15/20,78,22.08,-159.32,81.03,8.05
2110227,Butaritari,100,KI,10/15/20,75,3.07,172.79,81.77,13.04
1502697,Kondinskoye,100,RU,10/15/20,93,59.65,67.41,32.43,9.46
3170094,Portoferraio,75,IT,10/15/20,87,42.81,10.31,56.75,8.05
286245,Sur,98,OM,10/15/20,46,22.57,59.53,77.23,7.81
5563839,Fortuna,20,US,10/15/20,59,40.6,-124.16,65.1,10.29
4035715,Avarua,100,CK,10/15/20,56,-21.21,-159.78,73.4,8.05
,,,,,,,,,
1337240,Nawābganj,24,BD,10/15/20,74,24.59,88.27,81.41,3.36
,,,,,,,,,
5866583,Saint Paul Harbor,1,US,10/15/20,70,57.79,-152.41,44.6,9.17
780687,Berlevåg,75,NO,10/15/20,85,70.86,29.09,37.4,12.75
2126710,Beringovskiy,100,RU,10/15/20,93,63.05,179.32,41.7,20.96
473903,Vetluzhskiy,37,RU,10/15/20,83,58.39,45.47,49.77,11.9
2140558,Koumac,100,NC,10/15/20,81,-20.57,164.28,73.02,8.12
4031574,Provideniya,90,RU,10/15/20,93,64.38,-173.3,44.6,17.9
,,,,,,,,,
1268008,Kanniyākumāri,100,IN,10/15/20,82,8.08,77.57,79.39,18.43
,,,,,,,,,
1528998,Yumen,0,CN,10/15/20,72,40.28,97.2,34.27,6.85
,,,,,,,,,
2063042,Port Hedland,0,AU,10/15/20,73,-20.32,118.57,71.6,8.05
6096551,Pangnirtung,90,CA,10/15/20,77,66.15,-65.71,41,6.93
3190776,Sjenica,100,RS,10/15/20,91,43.27,20,50.88,8.86
1015776,Bredasdorp,100,ZA,10/15/20,87,-34.53,20.04,53.6,3.36
,,,,,,,,,
2281120,Tabou,100,CI,10/15/20,87,4.42,-7.35,77.97,9.33
4032243,Vaini,75,TO,10/15/20,78,-21.2,-175.2,75.2,6.93
5882953,Aklavik,75,CA,10/15/20,73,68.22,-135.01,21.2,3.36
3374083,Bathsheba,20,BB,10/15/20,74,13.22,-59.52,86,13.87
2090021,Namatanai,83,PG,10/15/20,77,-3.67,152.43,79.3,5.59
3571913,Marsh Harbour,100,BS,10/15/20,76,26.54,-77.06,82,16.49
2176639,Batemans Bay,100,AU,10/15/20,96,-35.72,150.18,54.7,8.05
3652764,Puerto Ayora,40,EC,10/15/20,73,-0.74,-90.35,74.53,10.29
3372707,Ribeira Grande,20,PT,10/15/20,73,38.52,-28.7,71.6,4.7
964420,Port Elizabeth,3,ZA,10/15/20,93,-33.92,25.57,60.8,10.29
2152659,Port Macquarie,0,AU,10/15/20,89,-31.43,152.92,54.1,1.99
2269594,Cascais,0,PT,10/15/20,76,38.7,-9.42,58.93,14.99
,,,,,,,,,
2185763,Okato,5,NZ,10/15/20,72,-39.2,173.88,43,14
5850554,Makakilo City,1,US,10/15/20,69,21.35,-158.09,80.24,4.7
3443061,Chui,0,UY,10/15/20,72,-33.7,-53.46,67.24,8.97
6089245,Norman Wells,75,CA,10/15/20,79,65.28,-126.83,19.4,11.41
,,,,,,,,,
934322,Mahébourg,40,MU,10/15/20,83,-20.41,57.7,73.4,8.05
6053154,Lethbridge,75,CA,10/15/20,60,49.7,-112.82,42.64,11.41
5909514,Brooks,0,CA,10/15/20,64,50.58,-111.89,39.99,11.99
6185377,Yellowknife,75,CA,10/15/20,73,62.46,-114.35,26.49,24.16
6111862,Port Hardy,90,CA,10/15/20,93,50.7,-127.42,48.2,13.87
8079926,Labuhan,100,ID,10/15/20,75,-6.88,112.21,80.37,9.08
4705349,Laredo,1,US,10/15/20,41,27.51,-99.51,95.95,4.7
1252745,Yellandu,100,IN,10/15/20,95,17.6,80.33,75.33,2.1
1734199,Tawao,40,MY,10/15/20,100,4.25,117.89,74.37,3.36
2079582,Alyangula,4,AU,10/15/20,100,-13.85,136.42,73.4,4.54
1282256,Hithadhoo,88,MV,10/15/20,75,-0.6,73.08,82.47,17.83
2259655,Impfondo,80,CG,10/15/20,96,1.64,18.07,69.13,1.83
,,,,,,,,,
3894426,Coyhaique,40,CL,10/15/20,39,-45.58,-72.07,66.2,6.93
2074865,Carnarvon,90,AU,10/15/20,88,-24.87,113.63,66.2,19.46
1242110,Kalmunai,76,LK,10/15/20,71,7.42,81.82,80.17,5.12
5880054,Barrow,90,US,10/15/20,63,71.29,-156.79,28.4,5.82
,,,,,,,,,
778707,Mehamn,75,NO,10/15/20,90,71.04,27.85,41,19.46
,,,,,,,,,
2017155,Saskylakh,100,RU,10/15/20,96,71.92,114.08,19.99,16.49
,,,,,,,,,
2428394,Mao,0,TD,10/15/20,25,14.12,15.31,94.51,2.42
3893629,Coquimbo,40,CL,10/15/20,72,-29.95,-71.34,60.8,11.41
1006984,East London,75,ZA,10/15/20,88,-33.02,27.91,66.2,14.99
740263,Samsun Province,20,TR,10/15/20,93,41.25,36.33,60.8,3.36
1649150,Bengkulu,100,ID,10/15/20,83,-3.8,102.27,76.82,2.44
2173911,Broken Hill,40,AU,10/15/20,21,-31.95,141.43,78.8,10.29
1067565,Beloha,48,MG,10/15/20,85,-25.17,45.05,64.92,10.74
3141667,Roald,75,NO,10/15/20,93,62.58,6.13,44.28,8.05
5954718,Flin Flon,90,CA,10/15/20,50,54.77,-101.86,28.4,13.87
935214,Saint-Pierre,1,RE,10/15/20,73,-21.34,55.48,67.95,2.24
373141,Kaduqli,1,SD,10/15/20,52,11.02,29.72,82.71,2.59
2208248,Kaitangata,100,NZ,10/15/20,75,-46.28,169.85,37.9,6.53
2121025,Srednekolymsk,100,RU,10/15/20,99,67.45,153.68,30.4,9.35
2126123,Chokurdakh,100,RU,10/15/20,99,70.63,147.92,28.47,7.67
3374210,São Filipe,76,CV,10/15/20,77,14.9,-24.5,81.75,12.03
1260206,Pāsighāt,6,IN,10/15/20,71,28.07,95.33,75.88,2.93
,,,,,,,,,
1489822,Tegul'det,0,RU,10/15/20,97,57.31,88.17,27.77,4.03
3395458,Maragogi,61,BR,10/15/20,71,-9.01,-35.22,79.36,10.51
3896218,Castro,24,CL,10/15/20,37,-42.47,-73.77,64.24,8.05
2173125,Burnie,0,AU,10/15/20,76,-41.07,145.92,35.92,5.99
546105,Nikolskoye,75,RU,10/15/20,85,59.7,30.79,39.99,8.95
,,,,,,,,,
2112802,Hasaki,75,JP,10/15/20,76,35.73,140.83,56.41,14.99
2027296,Aykhal,90,RU,10/15/20,92,66,111.5,21.2,8.95
,,,,,,,,,
3369174,Calvinia,0,ZA,10/15/20,22,-31.47,19.78,71.29,3.6
986717,Kruisfontein,34,ZA,10/15/20,86,-34,24.73,64,3
544084,Koslan,100,RU,10/15/20,95,63.46,48.9,31.05,3.33
3440777,Rocha,7,UY,10/15/20,69,-34.48,-54.33,68.72,10.69
2460755,Bafoulabé,88,ML,10/15/20,38,13.81,-10.83,90.46,3.85
2021188,Kurumkan,100,RU,10/15/20,90,54.3,110.3,32.14,4.09
2514651,Los Llanos de Aridane,90,ES,10/15/20,73,28.66,-17.92,70.2,8.05
,,,,,,,,,
1151464,Phang Nga,75,TH,10/15/20,88,8.45,98.53,77.54,8.05
1497337,Noril'sk,75,RU,10/15/20,100,69.35,88.2,24.8,15.66
2150163,Sawtell,0,AU,10/15/20,77,-30.38,153.1,57.18,4.83
2206874,Waipawa,76,NZ,10/15/20,75,-41.41,175.52,43.84,3.36
2012593,Zeya,0,RU,10/15/20,93,53.75,127.27,23.88,1.28
5870133,Nome,90,US,10/15/20,86,64.5,-165.41,35.33,17.22
462522,Zimovniki,0,RU,10/15/20,69,47.15,42.46,60.06,3.2
2015576,Tankhoy,100,RU,10/15/20,59,51.55,105.13,42.73,5.68
,,,,,,,,,
3056331,Alap,81,HU,10/15/20,99,46.8,18.69,48,7
3420768,Qasigiannguit,75,GL,10/15/20,55,68.82,-51.19,35.6,5.82
2513195,Novelda,0,ES,10/15/20,34,38.38,-0.77,62.33,4
2014808,Turka,100,RU,10/15/20,80,52.95,108.22,35.96,7.67
118704,Rāvar,0,IR,10/15/20,36,31.27,56.81,52.27,5.3
,,,,,,,,,
3471451,Arraial do Cabo,75,BR,10/15/20,88,-22.97,-42.03,75.2,17.22
3418910,Upernavik,6,GL,10/15/20,84,72.79,-56.15,28.6,6.55
1528796,At-Bashi,0,KG,10/15/20,69,41.17,75.81,37.83,6.51
3694112,Paita,30,PE,10/15/20,65,-5.09,-81.11,77,11.41
7671223,Kloulklubed,40,PW,10/15/20,94,7.04,134.26,75.2,8.52
3665210,Rodrigues Alves,94,BR,10/15/20,57,-7.74,-72.65,86.02,3.94
1106643,Quatre Cocos,40,MU,10/15/20,83,-20.21,57.76,74.25,8.05
124291,Mehrān,0,IR,10/15/20,24,33.12,46.16,59,4.7
,,,,,,,,,
2660367,Hergiswil,90,CH,10/15/20,87,46.98,8.31,44.2,2.24
648855,Lapua,100,FI,10/15/20,89,62.97,23.01,39,3.89
2964782,Dingle,20,IE,10/15/20,81,52.14,-10.27,51.8,5.82
4021858,Guerrero Negro,97,MX,10/15/20,42,27.98,-114.06,88.72,4.12
135298,Esfarāyen,0,IR,10/15/20,27,37.08,57.51,51.8,4.34
,,,,,,,,,
3598787,Champerico,40,GT,10/15/20,55,14.3,-91.92,87.8,11.41
978895,Margate,0,ZA,10/15/20,44,-30.86,30.37,72.45,17.72
,,,,,,,,,
53372,Oodweyne,0,SO,10/15/20,23,9.41,45.06,79.45,7.76
,,,,,,,,,
3652100,Salinas,75,EC,10/15/20,83,-2.22,-80.97,75.2,11.41
6068416,Mayo,90,CA,10/15/20,68,63.59,-135.9,26.6,5.82
1264976,Leh,0,IN,10/15/20,48,34.17,77.58,39.83,3.44
,,,,,,,,,
6164831,Thessalon,75,CA,10/15/20,61,46.25,-83.57,48.2,8.05
3444199,Puerto Suárez,90,BO,10/15/20,94,-18.95,-57.8,74.16,5.82
2108502,Honiara,20,SB,10/15/20,100,-9.43,159.95,73.4,4.7
3445026,Vila Velha,90,BR,10/15/20,78,-20.33,-40.29,77.32,16.11
1162862,Uthal,5,PK,10/15/20,14,25.81,66.62,84.31,0.72
3183284,Alghero,40,IT,10/15/20,62,40.56,8.32,55.15,10.29
2109701,Auki,0,SB,10/15/20,84,-8.77,160.7,77.49,4.21
2618795,Klaksvík,64,FO,10/15/20,87,62.23,-6.59,42.8,1.12
,,,,,,,,,
1529660,Aksu,85,CN,10/15/20,39,41.12,80.26,52.81,5.14
3154907,Grong,75,NO,10/15/20,100,64.47,12.31,44.6,11.41
2071860,Esperance,90,AU,10/15/20,100,-33.87,121.9,55.4,8.05
3573061,Saint George,40,BM,10/15/20,83,32.38,-64.68,78.35,4.7
2112309,Katsuura,100,JP,10/15/20,64,35.13,140.3,58.01,7
2015306,Tiksi,96,RU,10/15/20,98,71.69,128.87,19.51,1.41
650769,Kristinestad,100,FI,10/15/20,82,62.27,21.38,43.21,6.87
,,,,,,,,,
3533462,Acapulco de Juárez,5,MX,10/15/20,74,16.86,-99.89,87.8,8.05
3996647,Mapimí,5,MX,10/15/20,17,25.82,-103.85,89.6,11.18
3356832,Henties Bay,52,NA,10/15/20,91,-22.12,14.28,59,1.72
3531368,Celestún,0,MX,10/15/20,61,20.87,-90.4,83.44,6.17
4160795,Key Largo,100,US,10/15/20,76,25.09,-80.45,84.34,12.55
,,,,,,,,,
1496100,Ordynskoye,100,RU,10/15/20,91,54.37,81.9,45.48,5.19
80509,Al Bardīyah,0,LY,10/15/20,69,31.76,25.09,73.63,10.11
,,,,,,,,,
2157698,Mildura,90,AU,10/15/20,82,-34.2,142.15,61.86,5.82
964432,Port Alfred,27,ZA,10/15/20,84,-33.59,26.89,64.38,9.48
1786764,Yichang,100,CN,10/15/20,84,30.71,111.28,57,1.3
,,,,,,,,,
545728,Komsomol'skiy,100,RU,10/15/20,80,43.98,46.7,59.22,6.76
,,,,,,,,,
5830007,Lander,1,US,10/15/20,38,42.83,-108.73,42.85,4.76
934649,Cap Malheureux,0,MU,10/15/20,74,-19.98,57.61,75,4
3994535,Ocampo,0,MX,10/15/20,39,21.65,-101.5,74.21,12.44
5686121,Whitefish,75,US,10/15/20,49,48.41,-114.34,47.79,5.82
218680,Boende,100,CD,10/15/20,96,-0.22,20.87,73.35,1.77
300352,Sorgun,0,TR,10/15/20,63,39.81,35.19,58.14,3.24
1106677,Bambous Virieux,40,MU,10/15/20,83,-20.34,57.76,74.16,8.05
3429577,Resistencia,75,AR,10/15/20,45,-27.46,-58.98,84.7,8.05
,,,,,,,,,
2122090,Pevek,100,RU,10/15/20,86,69.7,170.31,34.74,13.58
4218882,Rincon,75,US,10/15/20,58,32.3,-81.24,86,10.29
2214846,Misratah,0,LY,10/15/20,28,32.38,15.09,85.05,13.56
1648636,Bitung,40,ID,10/15/20,100,1.45,125.18,73.4,3.4
3883457,Lebu,31,CL,10/15/20,61,-37.62,-73.65,57.22,13.11
286621,Salalah,20,OM,10/15/20,83,17.02,54.09,78.8,2.24
1706466,Ligayan,100,PH,10/15/20,69,4.65,119.47,83.03,0.65
3680434,Ituango,98,CO,10/15/20,89,7.17,-75.76,70,3.47
3939168,Huarmey,20,PE,10/15/20,66,-10.07,-78.15,68.86,7.94
,,,,,,,,,
3386177,Trairi,77,BR,10/15/20,66,-3.28,-39.27,83.97,14.52
,,,,,,,,,
2181625,Te Anau,100,NZ,10/15/20,79,-45.42,167.72,40.57,9.95
3592086,Ocós,40,GT,10/15/20,74,14.51,-92.19,87.8,6.93
57000,Hobyo,9,SO,10/15/20,78,5.35,48.53,80.22,18.79
2180815,Tuatapere,100,NZ,10/15/20,61,-46.13,167.68,43.95,8.37
2127202,Anadyr,40,RU,10/15/20,93,64.75,177.48,41,29.08
,,,,,,,,,
3522526,Nuevo Progreso,28,MX,10/15/20,59,23.17,-97.95,89.76,10
3374346,Ponta do Sol,75,CV,10/15/20,74,17.2,-25.09,82.4,18.34
108410,Riyadh,0,SA,10/15/20,23,24.69,46.72,73.4,3.36
2012956,Yerbogachën,100,RU,10/15/20,91,61.28,108.01,27.5,13.27
3389353,Santarém,20,BR,10/15/20,55,-2.44,-54.71,91.4,11.41
462203,Zolotkovo,0,RU,10/15/20,63,55.53,41.11,51.33,10.45
1337617,Muli,8,MV,10/15/20,79,2.92,73.57,82.38,20.45
1217007,Koson,0,UZ,10/15/20,41,39.04,65.58,57.2,5.44
2177069,Ballina,0,AU,10/15/20,93,-28.87,153.57,51.67,4.65
4033356,Tiarei,75,PF,10/15/20,88,-17.53,-149.33,75.09,14.99
5367788,Lompoc,1,US,10/15/20,30,34.64,-120.46,86.63,8.05
2130404,Ebetsu,38,JP,10/15/20,83,43.11,141.55,38.66,5.39
333356,Kemisē,95,ET,10/15/20,43,10.72,39.87,71.6,3.27
,,,,,,,,,
3985710,Cabo San Lucas,5,MX,10/15/20,62,22.89,-109.91,88.81,12.75
3448903,São João da Barra,90,BR,10/15/20,73,-21.64,-41.05,77,25.28
4032369,Pangai,75,TO,10/15/20,73,-19.8,-174.35,77,12.75
,,,,,,,,,
1524606,Derzhavīnsk,0,KZ,10/15/20,42,51.1,66.32,50.97,8.7
,,,,,,,,,
933995,Souillac,40,MU,10/15/20,83,-20.52,57.52,73.4,8.05
496285,Severodvinsk,90,RU,10/15/20,100,64.56,39.83,33.8,5.64
,,,,,,,,,
2278158,Buchanan,75,LR,10/15/20,88,5.88,-10.05,80.6,7.36
2162683,Innisfail,52,AU,10/15/20,87,-17.53,146.03,69.22,5.99
3491161,Bull Savanna,7,JM,10/15/20,73,17.89,-77.59,83.68,10.13
4014109,Choix,24,MX,10/15/20,24,26.71,-108.32,98.29,3.49
3421982,Maniitsoq,100,GL,10/15/20,78,65.42,-52.9,39.54,19.37
935215,Saint-Philippe,1,RE,10/15/20,73,-21.36,55.77,67.19,2.24
2287958,Guiglo,93,CI,10/15/20,93,6.55,-7.5,74.66,3.27
4220862,Saint Simons,90,US,10/15/20,94,31.14,-81.39,79.21,4.7
1634614,Nabire,100,ID,10/15/20,91,-3.37,135.48,75.69,3.4
262629,Eresós,0,GR,10/15/20,64,39.17,25.93,68,9.82
286987,Nizwá,0,OM,10/15/20,24,22.93,57.53,73.96,2.64
,,,,,,,,,
3832899,Viedma,0,AR,10/15/20,28,-40.81,-63,79,7
2070998,Geraldton,0,AU,10/15/20,87,-28.77,114.6,55.4,9.17
2178753,Kirakira,41,SB,10/15/20,83,-10.45,161.92,77.45,5.46
1563281,Tuy Hoa,100,VN,10/15/20,90,13.08,109.3,77.58,4.45
3839307,Rawson,0,AR,10/15/20,19,-43.3,-65.1,77.56,17.16
371745,Kutum,0,SD,10/15/20,18,14.2,24.67,81.66,7.94
3386213,Touros,20,BR,10/15/20,66,-5.2,-35.46,84.2,16.11
898188,Siavonga,0,ZM,10/15/20,51,-16.54,28.71,81.84,8.59
,,,,,,,,,
3408424,Ipixuna,40,BR,10/15/20,83,-1.76,-48.8,80.6,11.41
3590069,San José,82,GT,10/15/20,58,16.98,-89.9,87.58,3.09
,,,,,,,,,
3673690,Nuquí,25,CO,10/15/20,75,5.71,-77.27,81.43,8.93
556268,Ostrovnoy,100,RU,10/15/20,79,68.05,39.51,37.85,10.67
338345,Edd,0,ER,10/15/20,63,13.93,41.69,84.7,0.65
1485020,Znamenskoye,0,RU,10/15/20,95,57.13,73.83,32.38,2.73
3860443,Comodoro Rivadavia,45,AR,10/15/20,24,-45.87,-67.5,80.6,12.75
6167817,Torbay,90,CA,10/15/20,93,47.67,-52.73,58.66,16.11
,,,,,,,,,
212902,Kindu,89,CD,10/15/20,87,-2.95,25.95,73.4,1.01
3471691,Araxá,79,BR,10/15/20,49,-19.59,-46.94,81.3,3.49
3449304,São Desidério,96,BR,10/15/20,14,-12.36,-44.97,99.63,4.54
3648559,Barcelona,24,VE,10/15/20,65,10.13,-64.7,85.71,2.91
2122783,Katangli,16,RU,10/15/20,92,51.71,143.23,30.2,10.4
7601762,Bairiki Village,20,KI,10/15/20,69,1.33,172.98,82.4,8.05
3974771,Praxédis Guerrero,75,MX,10/15/20,23,31.37,-106.02,75.97,13.87
3393536,Olinda,75,BR,10/15/20,65,-8.01,-34.86,82.4,10.29
542213,Krasnoslobodsk,0,RU,10/15/20,87,48.71,44.57,51.8,4.47
3383434,Nieuw Amsterdam,16,SR,10/15/20,64,5.88,-55.08,90,5.99
2032614,Baruun-Urt,0,MN,10/15/20,85,46.68,113.28,29.08,9.93
1835848,Seoul,1,KR,10/15/20,75,37.57,126.98,44.78,1.61
3374336,Porto Novo,75,CV,10/15/20,74,17.02,-25.06,82.4,18.34
6050066,La Ronge,90,CA,10/15/20,53,55.1,-105.28,24.8,24.16
1621313,Ambulu,31,ID,10/15/20,91,-8.35,113.61,75.58,1.74
3517970,Pochutla,98,MX,10/15/20,62,15.74,-96.47,87.55,7.38
2132606,Samarai,25,PG,10/15/20,82,-10.62,150.67,78.3,10.18
3408064,Remanso,0,BR,10/15/20,30,-9.62,-42.08,91.4,4.12
3372760,Praia da Vitória,75,PT,10/15/20,94,38.73,-27.07,70.32,4.81
102527,Sakakah,0,SA,10/15/20,17,29.97,40.21,77,6.93
1056151,Soavinandriana,36,MG,10/15/20,73,-19.17,46.73,64.42,6.53
,,,,,,,,,
3377301,Mabaruma,17,GY,10/15/20,68,8.2,-59.78,85.24,7.63
3430863,Mar del Plata,0,AR,10/15/20,76,-38,-57.56,57.2,12.75
3899695,Ancud,0,CL,10/15/20,37,-41.87,-73.82,64,8.05
111453,Zanjān,62,IR,10/15/20,62,36.67,48.48,54,5.17
,,,,,,,,,
188408,Magadi,28,KE,10/15/20,31,-1.9,36.29,86.76,16.73
2456917,Goundam,17,ML,10/15/20,10,16.41,-3.67,98.55,9.51
1264527,Chennai,75,IN,10/15/20,79,13.09,80.28,84.2,10.11
6165406,Thompson,90,CA,10/15/20,68,55.74,-97.86,30.2,13.87
5363208,King City,1,US,10/15/20,26,36.21,-121.13,84.06,2.71
1276939,Bari Sādri,55,IN,10/15/20,60,24.42,74.47,78.17,8.12
,,,,,,,,,
,,,,,,,,,
100926,Umluj,0,SA,10/15/20,54,25.02,37.27,83.95,5.1
1059051,Miandrivazo,28,MG,10/15/20,73,-19.52,45.47,78.31,2.84
6620339,Karratha,0,AU,10/15/20,38,-20.74,116.85,74.82,9.24
622428,Salihorsk,26,BY,10/15/20,92,52.79,27.54,45.12,4.7
2128975,Nemuro,12,JP,10/15/20,69,43.32,145.57,47.5,16.53
,,,,,,,,,
4011743,Constitucion,5,MX,10/15/20,21,23.99,-104.67,77.74,6.93
3423146,Ilulissat,75,GL,10/15/20,55,69.22,-51.1,35.6,5.82
695594,Rivne,100,UA,10/15/20,98,50.62,26.23,48.99,11.99
3196364,Ljubinje,75,BA,10/15/20,100,42.95,18.09,61.38,2.24
53654,Mogadishu,0,SO,10/15/20,84,2.04,45.34,79.03,11.97
241131,Victoria,75,SC,10/15/20,78,-4.62,55.45,82.4,13.87
3459094,Laguna,100,BR,10/15/20,75,-28.48,-48.78,67.78,10.85
3421193,Paamiut,100,GL,10/15/20,71,61.99,-49.67,41.2,13.22
3840092,Puerto Madryn,2,AR,10/15/20,23,-42.77,-65.04,76.05,18.68
3932145,Pisco,3,PE,10/15/20,68,-13.7,-76.22,69.04,9.17
2136150,Luganville,75,VU,10/15/20,94,-15.53,167.17,73.4,6.6
964712,Plettenberg Bay,31,ZA,10/15/20,87,-34.05,23.37,58.91,3.85
2031964,Darhan,5,MN,10/15/20,80,49.49,105.92,34.47,10.07
1520240,Pavlodar,17,KZ,10/15/20,69,52.3,76.95,39.2,4.47
3448879,São João del Rei,90,BR,10/15/20,74,-21.14,-44.26,73.45,5.93
124085,Mīāndoāb,56,IR,10/15/20,28,36.97,46.1,57.2,9.17
,,,,,,,,,
2214432,Nālūt,0,LY,10/15/20,17,30.33,10.85,78.46,8.43
,,,,,,,,,
2397169,Ntoum,40,GA,10/15/20,83,0.38,9.78,80.6,11.41
2310046,Bata,75,GQ,10/15/20,88,1.86,9.77,80.6,8.05
2028164,Deputatsky,100,RU,10/15/20,96,69.3,139.9,11.32,3.98
2137748,Voh,100,NC,10/15/20,86,-20.97,164.7,70.75,5.91
3401845,Conceição do Araguaia,78,BR,10/15/20,25,-8.26,-49.26,98.82,6.53
5969025,Haines Junction,92,CA,10/15/20,78,60.75,-137.51,36.54,2.3
1486321,Yar-Sale,94,RU,10/15/20,94,66.83,70.83,31.55,10.13
1180729,Dalbandin,0,PK,10/15/20,30,28.89,64.41,56.19,4
3414079,Olafsvik,97,IS,10/15/20,73,64.89,-23.71,47.5,9.42
2092164,Lorengau,31,PG,10/15/20,71,-2.02,147.27,80.64,2.13
2184707,Wanaka,100,NZ,10/15/20,69,-44.7,169.15,38.98,8.93
671228,Păuleşti,0,RO,10/15/20,100,45,25.98,58.51,5.82
,,,,,,,,,
1650064,Barabai,87,ID,10/15/20,95,-2.58,115.38,73.06,1.9
551439,Kazanskaya,0,RU,10/15/20,58,45.41,40.44,65.35,4.41
5742974,North Bend,1,US,10/15/20,45,43.41,-124.22,63.12,10.29
3467684,Campos do Jordão,75,BR,10/15/20,77,-22.74,-45.59,69.8,2.24
2120048,Ust-Nera,100,RU,10/15/20,89,64.57,143.2,16.18,1.74
,,,,,,,,,
2137773,Vao,100,NC,10/15/20,80,-22.67,167.48,71.4,15.93
,,,,,,,,,
1500399,Lokosovo,0,RU,10/15/20,96,61.13,74.82,31.05,7.34
949683,Thabazimbi,0,ZA,10/15/20,33,-24.59,27.41,77.31,4.65
2039557,Khasan,0,RU,10/15/20,71,42.43,130.64,43.03,6.38
5404476,Ukiah,1,US,10/15/20,23,39.15,-123.21,85.24,2.46
2075720,Broome,40,AU,10/15/20,88,-17.97,122.23,78.8,6.93
,,,,,,,,,
,,,,,,,,,
,,,,,,,,,
1128239,Rūdbār,0,AF,10/15/20,29,30.15,62.6,58.51,6.13
,,,,,,,,,
2127515,Wakkanai,99,JP,10/15/20,56,45.41,141.67,48.97,19.82
1529484,Kumul,0,CN,10/15/20,61,42.8,93.45,41.27,0.11
3406961,Augusto Corrêa,41,BR,10/15/20,61,-1.02,-46.63,86,9.98
2308278,Mbini,75,GQ,10/15/20,88,1.57,9.61,80.6,8.05
3416888,Grindavik,90,IS,10/15/20,76,63.84,-22.43,50,11.41
3662489,Santa Isabel Rio Negro,92,BR,10/15/20,55,-0.41,-65.02,89.29,1.77
5703673,Elko,1,US,10/15/20,22,41,-115.5,56.35,0.96
7647007,Bariloche,56,AR,10/15/20,16,-41.15,-71.31,77.56,6.93
2264923,Peniche,0,PT,10/15/20,78,39.36,-9.38,58.96,4
1266596,Khūtār,0,IN,10/15/20,60,28.2,80.28,75.72,4.21
,,,,,,,,,
3372472,Vila Franca do Campo,75,PT,10/15/20,82,37.72,-25.43,68,3.36
2146219,Hervey Bay,32,AU,10/15/20,93,-25.3,152.85,60.39,5.82
4001056,La Orilla,1,MX,10/15/20,68,17.98,-102.23,86.83,5.57
3492985,Santa Cruz de Barahona,40,DO,10/15/20,70,18.21,-71.1,87.8,13.87
3174856,Lerici,39,IT,10/15/20,88,44.08,9.91,52.39,3.6
2182525,Southbridge,0,NZ,10/15/20,26,-43.82,172.25,39.72,8.01
2508807,Adrar,0,DZ,10/15/20,12,25.75,-1,87.94,8.72
3393838,Nova Olinda do Norte,94,BR,10/15/20,46,-3.89,-59.09,92.77,1.81
3461469,Iguaí,43,BR,10/15/20,37,-14.76,-40.09,87.87,4.32
2522890,Tortolì,0,IT,10/15/20,51,39.93,9.66,59,10.29
,,,,,,,,,
455102,Subate,100,LV,10/15/20,94,56.01,25.91,44.04,6.38
1687801,Santiago,38,PH,10/15/20,93,16.69,121.55,73.63,1.28
4172445,Seminole,20,US,10/15/20,45,28.71,-81.21,89.62,4.7
1811260,Fengrun,45,CN,10/15/20,74,39.83,118.12,51.94,2.93
777682,Skjervøy,75,NO,10/15/20,75,70.03,20.97,41,17.22
2122104,Petropavlovsk-Kamchatskiy,0,RU,10/15/20,100,53.05,158.65,30.2,2.24
3595255,Iztapa,20,GT,10/15/20,79,13.93,-90.71,87.8,13.87
1623197,Tual,100,ID,10/15/20,79,-5.67,132.75,81.88,12.97
5919850,Chapais,90,CA,10/15/20,93,49.78,-74.85,48.2,12.75
1047660,Cuamba,0,MZ,10/15/20,48,-14.8,36.54,75.69,7.29
1794903,Shiyan,100,CN,10/15/20,89,32.65,110.78,53.85,3.4
2516089,La Carlota,0,ES,10/15/20,44,37.67,-4.93,60.8,2.24
2122493,Omsukchan,100,RU,10/15/20,96,62.53,155.8,26.65,5.57
2014833,Tura,0,RU,10/15/20,93,64.28,100.25,16.11,9.04
304919,Malatya Province,0,TR,10/15/20,46,38.5,38,53.6,4.7
3572462,Dunmore Town,7,BS,10/15/20,78,25.5,-76.65,82.54,15.01
1487214,Verkh-Suetka,100,RU,10/15/20,86,53.3,80.05,46.08,6.11
1162316,Yazman,0,PK,10/15/20,18,29.12,71.74,76.96,1.86
684269,Bolintin Deal,0,RO,10/15/20,93,44.46,25.82,60.08,6.93
1035025,Nacala,1,MZ,10/15/20,74,-14.54,40.67,74.34,10.36
3388847,São Félix do Xingu,71,BR,10/15/20,24,-6.64,-51.99,99.46,5.77
2065594,Mount Isa,0,AU,10/15/20,29,-20.73,139.5,77,8.05
1857260,Mikuni,75,JP,10/15/20,81,36.22,136.15,51.8,4.7
161616,Balkanabat,0,TM,10/15/20,25,39.51,54.37,65.01,11.12
,,,,,,,,,
3899539,Antofagasta,20,CL,10/15/20,63,-23.65,-70.4,62.6,14.99
2031405,Erdenet,0,MN,10/15/20,81,49.03,104.08,31.32,6.93
3407762,Amapá,4,BR,10/15/20,37,1,-52,94.3,7.02
1269937,Hoshiārpur,0,IN,10/15/20,27,31.53,75.92,69.87,3.47
,,,,,,,,,
3355672,Lüderitz,0,NA,10/15/20,38,-26.65,15.16,71.42,14.45
3469136,Botucatu,93,BR,10/15/20,62,-22.89,-48.45,75.16,4.83
878141,Madimba,27,TZ,10/15/20,84,-10.4,40.33,75.9,8.93
1726449,Basco,84,PH,10/15/20,79,20.45,121.97,82.17,24.94
1280037,Shache,82,CN,10/15/20,49,38.42,77.24,46.29,4.99
1505998,Idrinskoye,100,RU,10/15/20,85,54.37,92.14,42.37,9.28
3582678,Belize,82,BZ,10/15/20,64,17.25,-88.75,87.01,3.58
4034496,Fare,95,PF,10/15/20,76,-16.7,-151.02,79.48,10.13
2447513,Arlit,0,NE,10/15/20,10,18.74,7.39,97.09,8.81
609906,Fort-Shevchenko,66,KZ,10/15/20,56,44.51,50.26,61.84,10.47
1788534,Xinyang,100,CN,10/15/20,94,32.12,114.07,55.96,11.45
6160603,Swift Current,90,CA,10/15/20,69,50.28,-107.8,35.6,24.16
2347954,Bama,59,NG,10/15/20,44,11.52,13.69,87.76,10.54
5935804,Dawson Creek,20,CA,10/15/20,69,55.77,-120.24,39.2,2.24
2126199,Cherskiy,100,RU,10/15/20,90,68.75,161.3,33.58,7.61
3651949,San Cristobal,75,EC,10/15/20,88,-0.9,-89.62,73.4,9.17
1812988,Dengzhou,100,CN,10/15/20,82,37.81,120.75,57.38,11.61
3421765,Nanortalik,100,GL,10/15/20,77,60.14,-45.24,39.22,9.95
3428068,San Vicente,98,AR,10/15/20,50,-26.62,-54.13,80.87,2.01
,,,,,,,,,
2171722,Charters Towers,0,AU,10/15/20,89,-20.1,146.27,61.21,6.87
2165087,Gold Coast,0,AU,10/15/20,93,-28,153.43,56.68,2.24
6324729,Halifax,20,CA,10/15/20,59,44.65,-63.57,60.87,8.05
2654970,Brae,75,GB,10/15/20,87,60.4,-1.35,48.2,11.41
2121909,Poronaysk,13,RU,10/15/20,81,49.22,143.12,35.29,11.5
2063056,Port Augusta,75,AU,10/15/20,82,-32.5,137.77,70.95,3.74
4004293,Ixtapa,20,MX,10/15/20,63,20.7,-105.2,91.2,8.05
1254709,Tezu,0,IN,10/15/20,58,27.92,96.17,76.59,3.38
64013,Bosaso,0,SO,10/15/20,52,11.28,49.18,84.16,8.14
2038067,Chifeng,0,CN,10/15/20,61,42.27,118.96,41.41,10.04
6454825,Saint-Junien,90,FR,10/15/20,93,45.88,0.9,44.29,8.05
678162,Fântânele,100,RO,10/15/20,87,46.12,21.4,57.07,8.05
88319,Benghazi,76,LY,10/15/20,43,32.12,20.07,82.09,15.52
3470709,Barra do Garças,3,BR,10/15/20,21,-15.89,-52.26,103.01,3.13
5816597,Yakima,1,US,10/15/20,41,46.47,-120.67,57.79,3.56
285628,Hawalli,0,KW,10/15/20,37,29.28,48,71.6,5.82
2142316,Yeppoon,8,AU,10/15/20,82,-23.13,150.73,62.6,5.82
863061,Usinsk,100,RU,10/15/20,95,65.99,57.53,29.93,7.94
2126785,Belaya Gora,100,RU,10/15/20,98,68.53,146.42,22.82,10.2
2893437,Kamenz,75,DE,10/15/20,100,51.27,14.09,49.08,5.82
3385899,Tutóia,7,BR,10/15/20,69,-2.76,-42.27,84.15,17.36
1259385,Port Blair,100,IN,10/15/20,83,11.67,92.75,80.47,10.29
2136825,Isangel,100,VU,10/15/20,82,-19.55,169.27,74.16,10.18
535605,Letnyaya Stavka,0,RU,10/15/20,59,45.43,43.45,63.39,2.17
2192362,Christchurch,0,NZ,10/15/20,69,-43.53,172.63,43.5,13.87
2212775,Sabha,0,LY,10/15/20,16,27.04,14.43,80.69,4.74
187231,Maua,74,KE,10/15/20,48,0.23,37.94,71.24,10.31
1494500,Poltavka,87,RU,10/15/20,85,54.37,71.76,45.43,3.69
1487332,Verkhnyaya Inta,100,RU,10/15/20,95,65.98,60.31,30.02,4.68
1795632,Shenjiamen,100,CN,10/15/20,77,29.96,122.3,64.31,11.43
1786538,Yining,100,CN,10/15/20,93,29.04,114.56,60.98,1.45
,,,,,,,,,
3867291,Filadelfia,79,PY,10/15/20,62,-22.35,-60.03,82.98,4.83
2156643,Mount Gambier,0,AU,10/15/20,93,-37.83,140.77,39.2,8.05
3361934,Saldanha,0,ZA,10/15/20,72,-33.01,17.94,59,12.75
3868707,Valdivia,99,CL,10/15/20,49,-39.81,-73.25,71.6,4.7
3382226,Camopi,2,GF,10/15/20,27,3.17,-52.32,96.82,6.31
3625929,Tucupita,95,VE,10/15/20,51,9.06,-62.05,91.6,4.74
5972762,Hay River,75,CA,10/15/20,62,60.82,-115.8,24.8,24.16
,,,,,,,,,
,,,,,,,,,
2267226,Lagos,87,PT,10/15/20,48,37.1,-8.67,58.87,11.41
,,,,,,,,,
2362323,Bogandé,68,BF,10/15/20,37,12.97,-0.14,88.39,10.83
161974,Bereket,0,TM,10/15/20,32,39.24,55.52,57.7,7.87
2120591,Tilichiki,99,RU,10/15/20,96,60.47,166.1,38.98,4.25
3573197,Hamilton,40,BM,10/15/20,83,32.29,-64.78,78.21,4.7
1065158,Farafangana,100,MG,10/15/20,82,-22.82,47.83,71.2,5.7
1525014,Būlaevo,87,KZ,10/15/20,86,54.91,70.44,44.31,4.68
,,,,,,,,,
2269142,Colares,0,PT,10/15/20,76,38.8,-9.45,58.91,14.99
1815059,Chenzhou,100,CN,10/15/20,92,25.8,113.03,61.11,3.87
1489656,Teya,96,RU,10/15/20,93,60.38,92.63,25.61,7.05
3361142,Springbok,0,ZA,10/15/20,21,-29.66,17.89,72.18,5.64
3453420,Planaltina,75,BR,10/15/20,35,-15.45,-47.61,87.55,4.7
3465228,Coxim,100,BR,10/15/20,48,-18.51,-54.76,86.68,6.73
1253237,Verāval,100,IN,10/15/20,71,20.9,70.37,84.24,6.02
,,,,,,,,,
328709,Shambu,100,ET,10/15/20,100,9.57,37.1,52.72,1.97
2151187,Roma,0,AU,10/15/20,67,-26.58,148.78,61.48,8.34
3466165,Cidreira,80,BR,10/15/20,77,-30.18,-50.21,66.87,7.56
5847411,Kahului,20,US,10/15/20,54,20.89,-156.47,80.98,3.36
3195214,Metlika,90,SI,10/15/20,93,45.65,15.31,47.48,1.12
1510689,Baykit,99,RU,10/15/20,91,61.67,96.37,24.91,9.46
1512019,Aksarka,99,RU,10/15/20,94,66.56,67.8,29.8,10.96
1510377,Belyy Yar,100,RU,10/15/20,57,53.6,91.39,48.2,8.95
3412093,Vestmannaeyjar,75,IS,10/15/20,87,63.44,-20.27,48.2,18.34
2098329,Daru,96,PG,10/15/20,81,-9.08,143.21,77.63,14.14
2122389,Ossora,100,RU,10/15/20,75,59.24,163.07,38.34,16.02
2109528,Buala,0,SB,10/15/20,77,-8.14,159.59,80.06,1.36
,,,,,,,,,
1786060,Yuanping,100,CN,10/15/20,72,38.72,112.76,44.22,7.81
216281,Goma,40,CD,10/15/20,60,-1.68,29.22,71.6,4.7
3451138,Rio Grande,0,BR,10/15/20,82,-32.03,-52.1,65.17,10.71
162099,Abadan,0,TM,10/15/20,37,38.05,58.21,55.4,4.7
669545,Prundu,0,RO,10/15/20,86,44.09,26.23,61,6.15
3720824,Miragoâne,12,HT,10/15/20,69,18.44,-73.09,84.36,1.74
3670218,San Andrés,40,CO,10/15/20,70,12.58,-81.7,87.8,6.93
2025630,Chara,100,RU,10/15/20,88,56.91,118.26,23.76,1.54
1295765,Sittwe,0,MM,10/15/20,82,20.15,92.9,80.83,4.7
4499379,Wilmington,90,US,10/15/20,65,34.23,-77.94,79.11,10.29
1214026,Sabang,100,ID,10/15/20,78,5.89,95.32,82.4,20.98
1513962,Gurlan,0,UZ,10/15/20,40,41.84,60.39,51.8,2.24
1855342,Nishihara,20,JP,10/15/20,78,26.18,127.76,74.14,8.05
,,,,,,,,,
3391889,Pitimbu,20,BR,10/15/20,65,-7.47,-34.81,82.4,11.41
3401148,Cururupu,47,BR,10/15/20,63,-1.83,-44.87,85.87,7.76
3985168,San Patricio,20,MX,10/15/20,75,19.22,-104.7,89.6,6.13
332746,Korem,1,ET,10/15/20,59,12.51,39.52,54.84,1.77
3631878,Moron,1,VE,10/15/20,74,10.49,-68.2,83.46,6.91
203717,Yangambi,85,CD,10/15/20,93,0.81,24.43,71.96,0.74
3374218,Santa Maria,75,CV,10/15/20,88,16.6,-22.9,80.6,12.75
3496021,Nagua,40,DO,10/15/20,89,19.38,-69.85,84.2,9.17
2258378,Loandjili,75,CG,10/15/20,78,-4.76,11.86,78.8,6.93
1052944,Angoche,20,MZ,10/15/20,82,-16.23,39.91,74.21,9.89
2014624,Udachny,90,RU,10/15/20,92,66.42,112.4,21.2,8.95
5557293,Sitka,90,US,10/15/20,70,57.05,-135.33,48.2,4.7
1862505,Hirara,55,JP,10/15/20,78,24.8,125.28,78.58,19.71
3984997,San Quintín,0,MX,10/15/20,32,30.48,-115.95,84.76,7.85
3395998,Macau,76,BR,10/15/20,60,-5.12,-36.63,85.17,25.88
2318123,Yenagoa,100,NG,10/15/20,94,4.92,6.26,75.51,5.53
,,,,,,,,,
3838874,Río Cuarto,77,AR,10/15/20,28,-33.13,-64.35,80.6,23.04
1733432,Kota Kinabalu,40,MY,10/15/20,94,5.97,116.07,75.11,5.82
1267390,Kavaratti,67,IN,10/15/20,76,10.57,72.64,81.86,17.22
2191562,Dunedin,100,NZ,10/15/20,65,-45.87,170.5,44.01,47
5380437,Pacific Grove,1,US,10/15/20,14,36.62,-121.92,85.96,6.93
6137462,Saint-Augustin,68,CA,10/15/20,73,51.23,-58.65,53.4,9.91
1507679,Chulym,58,RU,10/15/20,88,55.1,80.96,38.5,6.51
2068110,Kununurra,0,AU,10/15/20,100,-15.77,128.73,73.4,7.36
7626370,Bud,75,NO,10/15/20,87,62.91,6.91,44.6,3.36
3385077,Conde,20,BR,10/15/20,65,-7.26,-34.91,82.4,11.41
55671,Kismayo,8,SO,10/15/20,80,-0.36,42.55,78.78,15.05
4033557,Tautira,75,PF,10/15/20,88,-17.73,-149.15,75.09,14.99
3347719,Luena,25,AO,10/15/20,87,-11.78,19.92,66.13,1.97
1685422,Sulangan,100,PH,10/15/20,83,11.14,123.72,79.56,11.81
3653015,Playas,74,EC,10/15/20,78,-2.63,-80.38,74.59,15.35
3887127,Iquique,40,CL,10/15/20,59,-20.22,-70.14,66.2,13.87
2960970,Westport,35,IE,10/15/20,86,53.8,-9.52,48.83,6.89
,,,,,,,,,
3382160,Cayenne,0,GF,10/15/20,59,4.93,-52.33,89.6,13.87
3137469,Sørland,75,NO,10/15/20,81,67.67,12.69,44.6,17.22
605155,Kiruna,26,SE,10/15/20,80,67.86,20.23,35.6,8.05
1711821,Hernani,93,PH,10/15/20,86,11.33,125.62,78.1,2.48
2629833,Husavik,0,IS,10/15/20,79,66.04,-17.34,32,1.23
,,,,,,,,,
2028462,Ulaanbaatar,6,MN,10/15/20,78,47.91,106.88,17.6,2.24
934479,Grand Gaube,0,MU,10/15/20,74,-20.01,57.66,75,4
2413419,Gunjur,40,GM,10/15/20,83,13.2,-16.73,82.4,11.41
533284,Lunino,0,RU,10/15/20,36,53.59,45.23,60.01,8.52
2138555,Poum,100,NC,10/15/20,79,-20.23,164.02,74.55,13.78
5942913,Dryden,90,CA,10/15/20,50,49.78,-92.75,33.8,19.46
4031637,Lavrentiya,100,RU,10/15/20,93,65.58,-171,37.92,14.12
5554072,Juneau,90,US,10/15/20,87,58.3,-134.42,46.22,10.29
